{
    "MonoBehaviour": {
        "m_Enabled": true,
        "m_EditorHideFlags": 0,
        "m_Name": "",
        "m_EditorClassIdentifier": "UnityEditor.PS5.Extensions:UnityEditor.PS5:PS5Settings",
        "npConfigZipPath": "",
        "monoEnv": "",
        "scriptOptimizationLevel": 0,
        "enableApplicationExit": false,
        "resetTempFolder": true,
        "disableAutoHideSplash": false,
        "playerPrefsSupport": false,
        "appType": 0,
        "restrictedAudioUsageRights": false,
        "backgroundImagePath": "",
        "startupBackgroundImagePath": "",
        "startupForegroundImagePath": "",
        "startupImagesFolder": "",
        "iconImagesFolder": "",
        "bgmPath": "",
        "playerPrefsMaxSize": 32768,
        "videoOutInitialWidth": 1920,
        "videoOutStandardModeInitialWidth": 1920,
        "useResolutionFallback": false,
        "videoOutPixelFormat": 0,
        "videoOutOutputMode": 1,
        "paramFilePath": "",
        "passcode": "KBm6UnbFXoxGtIDq210lXHjlnqMJT-Sp",
        "updateReferencePackage": "",
        "includedModules": [
            "libc.prx",
            "libSceNpCppWebApi.prx"
        ],
        "sharedBinaryContentLabels": [],
        "sharedBinarySystemFolders": [],
        "workspaceName": "workspace0",
        "buildCompressionType": 0,
        "buildCompressionLevel": 0,
        "keepPackageFiles": false,
        "buildSubtarget": 0,
        "hardwareTarget": 1,
        "sdkOverride": "",
        "saveDataImagePath": "",
        "configFileParsed": false,
        "operatingSystemCanDisableSplashScreen": true,
        "supportsVR": false,
        "requiresVR": false,
        "vrrSupport": 0,
        "psvr2PlayAreaSupport": 0,
        "psvr2DetailedGazeTrackingStatusEnabled": false,
        "psvr2SeeThroughEnabled": false,
        "psvr2HandTrackingEnabled": false,
        "highCPUFrequency": false,
        "lowEnergyModeSupport": false
    }
}